Workbook

Sheet statushistory
A1: Status Id | B1: Control Sense Id | C1: Id status main | D1: Id status type | E1: Id status detail | F1: Id equipment | G1: Id employee | H1: Inicio de estado | I1: Fin de estado | J1: Date cube | K1: Duración Hr. | L1: Hour | M1: numer | P1: Equipment | Q1: Equipment - ID
A2: 466083 | B2: 466083 | C2: 1 | D2: 6 | E2: 2404 | F2: 84 | G2: 138 | H2: 2025-09-01 07:00:37.759205 | I2: 2025-09-01 10:14:30.298 | J2: 45901 | K2: 3.23126077638889 | L2: 7 | M2: =_xlfn.NUMBERVALUE("" & K2 & "",".",",") -> 3.2312608 | N2: =SUM(M:M) -> 2290.8832 | O2: =VLOOKUP(C2,statusdetails!$A:$D,4,0) -> READY | P2: =VLOOKUP(F2,equipment!$A:$E,4,0) -> CM01 | Q2: =VLOOKUP(F2,equipment!$A:$E,5,0) -> CM01 - 84
A3: 466084 | B3: 466084 | C3: 1 | D3: 6 | E3: 260 | F3: 34 | G3: 85 | H3: 2025-09-01 07:02:40.895 | I3: 2025-09-01 07:52:58.07474 | J3: 45901 | K3: 0.838105483333333 | L3: 7 | M3: =_xlfn.NUMBERVALUE("" & K3 & "",".",",") -> 0.83810548 | N3: =COUNT(M:M) -> 1296 | O3: =VLOOKUP(C3,statusdetails!$A:$D,4,0) -> READY | P3: =VLOOKUP(F3,equipment!$A:$E,4,0) -> CM404 | Q3: =VLOOKUP(F3,equipment!$A:$E,5,0) -> CM404 - 34
A4: 466085 | B4: 466085 | C4: 1 | D4: 6 | E4: 372 | F4: 91 | G4: 64 | H4: 2025-09-01 07:03:33.865206 | I4: 2025-09-01 07:20:20.29575 | J4: 45901 | K4: 0.27956404 | L4: 7 | M4: =_xlfn.NUMBERVALUE("" & K4 & "",".",",") -> 0.27956404 | O4: =VLOOKUP(C4,statusdetails!$A:$D,4,0) -> READY | P4: =VLOOKUP(F4,equipment!$A:$E,4,0) -> DZ205 | Q4: =VLOOKUP(F4,equipment!$A:$E,5,0) -> DZ205 - 91
A5: 466086 | B5: 466086 | C5: 1 | D5: 6 | E5: 586 | F5: 41 | G5: 126 | H5: 2025-09-01 07:03:38.214362 | I5: 2025-09-01 11:00:32.97469 | J5: 45901 | K5: 3.94854453555556 | L5: 7 | M5: =_xlfn.NUMBERVALUE("" & K5 & "",".",",") -> 3.9485445 | O5: =VLOOKUP(C5,statusdetails!$A:$D,4,0) -> READY | P5: =VLOOKUP(F5,equipment!$A:$E,4,0) -> MO102 | Q5: =VLOOKUP(F5,equipment!$A:$E,5,0) -> MO102 - 41
A6: 466087 | B6: 466087 | C6: 1 | D6: 6 | E6: 2524 | F6: 74 | G6: 0 | H6: 2025-09-01 07:03:44.313648 | I6: 2025-09-01 12:04:54.827478 | J6: 45901 | K6: 5.019587175 | L6: 7 | M6: =_xlfn.NUMBERVALUE("" & K6 & "",".",",") -> 5.0195872 | O6: =VLOOKUP(C6,statusdetails!$A:$D,4,0) -> READY | P6: =VLOOKUP(F6,equipment!$A:$E,4,0) -> CR701 | Q6: =VLOOKUP(F6,equipment!$A:$E,5,0) -> CR701 - 74
A7: 466088 | B7: 466088 | C7: 4 | D7: 15 | E7: 1778 | F7: 91 | G7: 64 | H7: 2025-09-01 07:20:20.29575 | I7: 2025-09-01 10:58:23.890894 | J7: 45901 | K7: 3.63433198444444 | L7: 7 | M7: =_xlfn.NUMBERVALUE("" & K7 & "",".",",") -> 3.634332 | N7: =SUM(M:M) -> 2290.8832 | O7: =VLOOKUP(C7,statusdetails!$A:$D,4,0) -> MAINT | P7: =VLOOKUP(F7,equipment!$A:$E,4,0) -> DZ205 | Q7: =VLOOKUP(F7,equipment!$A:$E,5,0) -> DZ205 - 91
A8: 466089 | B8: 466089 | C8: 1 | D8: 6 | E8: 372 | F8: 37 | G8: 74 | H8: 2025-09-01 07:20:40.145 | I8: 2025-09-01 11:48:31.517448 | J8: 45901 | K8: 4.46427012444444 | L8: 7 | M8: =_xlfn.NUMBERVALUE("" & K8 & "",".",",") -> 4.4642701 | O8: =VLOOKUP(C8,statusdetails!$A:$D,4,0) -> READY | P8: =VLOOKUP(F8,equipment!$A:$E,4,0) -> DZ201 | Q8: =VLOOKUP(F8,equipment!$A:$E,5,0) -> DZ201 - 37
A9: 466090 | B9: 466090 | C9: 2 | D9: 7 | E9: 821 | F9: 42 | G9: 5 | H9: 2025-09-01 07:22:42.637 | I9: 2025-09-01 07:31:28.498 | J9: 45901 | K9: 0.1460725 | L9: 7 | M9: =_xlfn.NUMBERVALUE("" & K9 & "",".",",") -> 0.1460725 | N9: =SUM(M:M) -> 2290.8832 | O9: =VLOOKUP(C9,statusdetails!$A:$D,4,0) -> DELAY | P9: =VLOOKUP(F9,equipment!$A:$E,4,0) -> PE301 | Q9: =VLOOKUP(F9,equipment!$A:$E,5,0) -> PE301 - 42
A10: 466091 | B10: 466091 | C10: 1 | D10: 6 | E10: 811 | F10: 42 | G10: 5 | H10: 2025-09-01 07:31:28.498 | I10: 2025-09-01 08:30:05.999 | J10: 45901 | K10: 0.977083611111111 | L10: 7 | M10: =_xlfn.NUMBERVALUE("" & K10 & "",".",",") -> 0.97708361 | O10: =VLOOKUP(C10,statusdetails!$A:$D,4,0) -> READY | P10: =VLOOKUP(F10,equipment!$A:$E,4,0) -> PE301 | Q10: =VLOOKUP(F10,equipment!$A:$E,5,0) -> PE301 - 42
A11: 466092 | B11: 466092 | C11: 4 | D11: 16 | E11: 368 | F11: 34 | G11: 119 | H11: 2025-09-01 07:52:58.07474 | I11: 2025-09-01 07:55:25.29294 | J11: 45901 | K11: 0.0408939444444444 | L11: 7 | M11: =_xlfn.NUMBERVALUE("" & K11 & "",".",",") -> 0.040893944 | N11: =COUNT(M:M) -> 1296 | O11: =VLOOKUP(C11,statusdetails!$A:$D,4,0) -> MAINT | P11: =VLOOKUP(F11,equipment!$A:$E,4,0) -> CM404 | Q11: =VLOOKUP(F11,equipment!$A:$E,5,0) -> CM404 - 34
A12: 466093 | B12: 466093 | C12: 1 | D12: 6 | E12: 260 | F12: 34 | G12: 119 | H12: 2025-09-01 07:55:25.29294 | I12: 2025-09-01 07:58:18.016878 | J12: 45901 | K12: 0.0479788716666667 | L12: 7 | M12: =_xlfn.NUMBERVALUE("" & K12 & "",".",",") -> 0.047978872 | O12: =VLOOKUP(C12,statusdetails!$A:$D,4,0) -> READY | P12: =VLOOKUP(F12,equipment!$A:$E,4,0) -> CM404 | Q12: =VLOOKUP(F12,equipment!$A:$E,5,0) -> CM404 - 34
A13: 466094 | B13: 466094 | C13: 4 | D13: 16 | E13: 368 | F13: 34 | G13: 119 | H13: 2025-09-01 07:58:18.016878 | I13: 2025-09-01 08:37:37.843106 | J13: 45901 | K13: 0.655507285555555 | L13: 7 | M13: =_xlfn.NUMBERVALUE("" & K13 & "",".",",") -> 0.65550729 | O13: =VLOOKUP(C13,statusdetails!$A:$D,4,0) -> MAINT | P13: =VLOOKUP(F13,equipment!$A:$E,4,0) -> CM404 | Q13: =VLOOKUP(F13,equipment!$A:$E,5,0) -> CM404 - 34
A14: 466095 | B14: 466095 | C14: 4 | D14: 16 | E14: 2459 | F14: 86 | G14: 142 | H14: 2025-09-01 08:03:53.598497 | I14: 2025-09-01 18:24:57.616487 | J14: 45901 | K14: 10.3511161083333 | L14: 8 | M14: =_xlfn.NUMBERVALUE("" & K14 & "",".",",") -> 10.351116 | O14: =VLOOKUP(C14,statusdetails!$A:$D,4,0) -> MAINT | P14: =VLOOKUP(F14,equipment!$A:$E,4,0) -> CM03 | Q14: =VLOOKUP(F14,equipment!$A:$E,5,0) -> CM03 - 86
A15: 466096 | B15: 466096 | C15: 3 | D15: 12 | E15: 1012 | F15: 42 | G15: 5 | H15: 2025-09-01 08:30:05.999 | I15: 2025-09-01 17:55:05.29 | J15: 45901 | K15: 9.41646972222222 | L15: 8 | M15: =_xlfn.NUMBERVALUE("" & K15 & "",".",",") -> 9.4164697 | N15: =SUM(M:M) -> 2290.8832 | O15: =VLOOKUP(C15,statusdetails!$A:$D,4,0) -> STANDBY | P15: =VLOOKUP(F15,equipment!$A:$E,4,0) -> PE301 | Q15: =VLOOKUP(F15,equipment!$A:$E,5,0) -> PE301 - 42
A16: 466097 | B16: 466097 | C16: 4 | D16: 16 | E16: 966 | F16: 34 | G16: 119 | H16: 2025-09-01 08:37:37.843106 | I16: 2025-09-01 14:20:36.114532 | J16: 45901 | K16: 5.71618650722222 | L16: 8 | M16: =_xlfn.NUMBERVALUE("" & K16 & "",".",",") -> 5.7161865 | O16: =VLOOKUP(C16,statusdetails!$A:$D,4,0) -> MAINT | P16: =VLOOKUP(F16,equipment!$A:$E,4,0) -> CM404 | Q16: =VLOOKUP(F16,equipment!$A:$E,5,0) -> CM404 - 34
A17: 466098 | B17: 466098 | C17: 1 | D17: 6 | E17: 811 | F17: 43 | G17: 5 | H17: 2025-09-01 08:38:40.069329 | I17: 2025-09-01 09:26:52.470485 | J17: 45901 | K17: 0.803444765555556 | L17: 8 | M17: =_xlfn.NUMBERVALUE("" & K17 & "",".",",") -> 0.80344477 | O17: =VLOOKUP(C17,statusdetails!$A:$D,4,0) -> READY | P17: =VLOOKUP(F17,equipment!$A:$E,4,0) -> PE302 | Q17: =VLOOKUP(F17,equipment!$A:$E,5,0) -> PE302 - 43
A18: 466099 | B18: 466099 | C18: 4 | D18: 15 | E18: 1777 | F18: 49 | G18: 0 | H18: 2025-09-01 08:47:07.992833 | I18: 2025-09-01 13:07:05.66072 | J18: 45901 | K18: 4.33268552416667 | L18: 8 | M18: =_xlfn.NUMBERVALUE("" & K18 & "",".",",") -> 4.3326855 | O18: =VLOOKUP(C18,statusdetails!$A:$D,4,0) -> MAINT | P18: =VLOOKUP(F18,equipment!$A:$E,4,0) -> CR702 | Q18: =VLOOKUP(F18,equipment!$A:$E,5,0) -> CR702 - 49
A19: 466100 | B19: 466100 | C19: 2 | D19: 7 | E19: 1494 | F19: 60 | G19: 164 | H19: 2025-09-01 08:55:36.409119 | I19: 2025-09-01 09:05:43.779878 | J19: 45901 | K19: 0.168714099722222 | L19: 8 | M19: =_xlfn.NUMBERVALUE("" & K19 & "",".",",") -> 0.1687141 | N19: =COUNT(M:M) -> 1296 | O19: =VLOOKUP(C19,statusdetails!$A:$D,4,0) -> DELAY | P19: =VLOOKUP(F19,equipment!$A:$E,4,0) -> EX802 | Q19: =VLOOKUP(F19,equipment!$A:$E,5,0) -> EX802 - 60
A20: 466101 | B20: 466101 | C20: 2 | D20: 7 | E20: 1026 | F20: 32 | G20: 113 | H20: 2025-09-01 08:57:21.244 | I20: 2025-09-01 09:05:20.557 | J20: 45901 | K20: 0.1331425 | L20: 8 | M20: =_xlfn.NUMBERVALUE("" & K20 & "",".",",") -> 0.1331425 | O20: =VLOOKUP(C20,statusdetails!$A:$D,4,0) -> DELAY | P20: =VLOOKUP(F20,equipment!$A:$E,4,0) -> CM403 | Q20: =VLOOKUP(F20,equipment!$A:$E,5,0) -> CM403 - 32
A21: 466102 | B21: 466102 | C21: 1 | D21: 6 | E21: 260 | F21: 32 | G21: 113 | H21: 2025-09-01 09:05:20.557 | I21: 2025-09-01 10:40:14.581532 | J21: 45901 | K21: 1.58167348111111 | L21: 9 | M21: =_xlfn.NUMBERVALUE("" & K21 & "",".",",") -> 1.5816735 | O21: =VLOOKUP(C21,statusdetails!$A:$D,4,0) -> READY | P21: =VLOOKUP(F21,equipment!$A:$E,4,0) -> CM403 | Q21: =VLOOKUP(F21,equipment!$A:$E,5,0) -> CM403 - 32
A22: 466103 | B22: 466103 | C22: 1 | D22: 6 | E22: 1397 | F22: 60 | G22: 164 | H22: 2025-09-01 09:05:43.779878 | I22: 2025-09-01 10:37:26.129016 | J22: 45901 | K22: 1.52843031611111 | L22: 9 | M22: =_xlfn.NUMBERVALUE("" & K22 & "",".",",") -> 1.5284303 | O22: =VLOOKUP(C22,statusdetails!$A:$D,4,0) -> READY | P22: =VLOOKUP(F22,equipment!$A:$E,4,0) -> EX802 | Q22: =VLOOKUP(F22,equipment!$A:$E,5,0) -> EX802 - 60
A23: 466104 | B23: 466104 | C23: 2 | D23: 7 | E23: 815 | F23: 43 | G23: 5 | H23: 2025-09-01 09:26:52.470485 | I23: 2025-09-01 09:37:40.17 | J23: 45901 | K23: 0.179916531944444 | L23: 9 | M23: =_xlfn.NUMBERVALUE("" & K23 & "",".",",") -> 0.17991653 | O23: =VLOOKUP(C23,statusdetails!$A:$D,4,0) -> DELAY | P23: =VLOOKUP(F23,equipment!$A:$E,4,0) -> PE302 | Q23: =VLOOKUP(F23,equipment!$A:$E,5,0) -> PE302 - 43
A24: 466105 | B24: 466105 | C24: 1 | D24: 6 | E24: 811 | F24: 43 | G24: 5 | H24: 2025-09-01 09:37:40.17 | I24: 2025-09-01 11:06:45.405098 | J24: 45901 | K24: 1.48478752722222 | L24: 9 | M24: =_xlfn.NUMBERVALUE("" & K24 & "",".",",") -> 1.4847875 | O24: =VLOOKUP(C24,statusdetails!$A:$D,4,0) -> READY | P24: =VLOOKUP(F24,equipment!$A:$E,4,0) -> PE302 | Q24: =VLOOKUP(F24,equipment!$A:$E,5,0) -> PE302 - 43
A25: 466106 | B25: 466106 | C25: 2 | D25: 9 | E25: 2515 | F25: 85 | G25: 22 | H25: 2025-09-01 10:07:35.386599 | I25: 2025-09-01 10:09:00.038 | J25: 45901 | K25: 0.0235142780555556 | L25: 10 | M25: =_xlfn.NUMBERVALUE("" & K25 & "",".",",") -> 0.023514278 | O25: =VLOOKUP(C25,statusdetails!$A:$D,4,0) -> DELAY | P25: =VLOOKUP(F25,equipment!$A:$E,4,0) -> CM02 | Q25: =VLOOKUP(F25,equipment!$A:$E,5,0) -> CM02 - 85
A26: 466107 | B26: 466107 | C26: 1 | D26: 6 | E26: 2404 | F26: 85 | G26: 22 | H26: 2025-09-01 10:09:00.038 | I26: 2025-09-01 11:29:03.857527 | J26: 45901 | K26: 1.33439431305556 | L26: 10 | M26: =_xlfn.NUMBERVALUE("" & K26 & "",".",",") -> 1.3343943 | O26: =VLOOKUP(C26,statusdetails!$A:$D,4,0) -> READY | P26: =VLOOKUP(F26,equipment!$A:$E,4,0) -> CM02 | Q26: =VLOOKUP(F26,equipment!$A:$E,5,0) -> CM02 - 85
A27: 466108 | B27: 466108 | C27: 2 | D27: 9 | E27: 2512 | F27: 84 | G27: 138 | H27: 2025-09-01 10:14:30.298 | I27: 2025-09-01 10:22:57.193 | J27: 45901 | K27: 0.140804166666667 | L27: 10 | M27: =_xlfn.NUMBERVALUE("" & K27 & "",".",",") -> 0.14080417 | O27: =VLOOKUP(C27,statusdetails!$A:$D,4,0) -> DELAY | P27: =VLOOKUP(F27,equipment!$A:$E,4,0) -> CM01 | Q27: =VLOOKUP(F27,equipment!$A:$E,5,0) -> CM01 - 84
A28: 466109 | B28: 466109 | C28: 2 | D28: 9 | E28: 1059 | F28: 35 | G28: 78 | H28: 2025-09-01 10:18:03.522 | I28: 2025-09-01 10:20:13.131651 | J28: 45901 | K28: 0.0360026808333333 | L28: 10 | M28: =_xlfn.NUMBERVALUE("" & K28 & "",".",",") -> 0.036002681 | O28: =VLOOKUP(C28,statusdetails!$A:$D,4,0) -> DELAY | P28: =VLOOKUP(F28,equipment!$A:$E,4,0) -> CM405 | Q28: =VLOOKUP(F28,equipment!$A:$E,5,0) -> CM405 - 35
A29: 466110 | B29: 466110 | C29: 1 | D29: 6 | E29: 260 | F29: 35 | G29: 78 | H29: 2025-09-01 10:20:13.131651 | I29: 2025-09-01 12:08:45.20194 | J29: 45901 | K29: 1.80890841361111 | L29: 10 | M29: =_xlfn.NUMBERVALUE("" & K29 & "",".",",") -> 1.8089084 | O29: =VLOOKUP(C29,statusdetails!$A:$D,4,0) -> READY | P29: =VLOOKUP(F29,equipment!$A:$E,4,0) -> CM405 | Q29: =VLOOKUP(F29,equipment!$A:$E,5,0) -> CM405 - 35
A30: 466111 | B30: 466111 | C30: 1 | D30: 6 | E30: 2404 | F30: 84 | G30: 138 | H30: 2025-09-01 10:22:57.193 | I30: 2025-09-01 12:03:01.5671 | J30: 45901 | K30: 1.66788169444444 | L30: 10 | M30: =_xlfn.NUMBERVALUE("" & K30 & "",".",",") -> 1.6678817 | O30: =VLOOKUP(C30,statusdetails!$A:$D,4,0) -> READY | P30: =VLOOKUP(F30,equipment!$A:$E,4,0) -> CM01 | Q30: =VLOOKUP(F30,equipment!$A:$E,5,0) -> CM01 - 84
A31: 466112 | B31: 466112 | C31: 2 | D31: 7 | E31: 1494 | F31: 60 | G31: 164 | H31: 2025-09-01 10:37:26.129016 | I31: 2025-09-01 10:50:02.482 | J31: 45901 | K31: 0.210098051111111 | L31: 10 | M31: =_xlfn.NUMBERVALUE("" & K31 & "",".",",") -> 0.21009805 | O31: =VLOOKUP(C31,statusdetails!$A:$D,4,0) -> DELAY | P31: =VLOOKUP(F31,equipment!$A:$E,4,0) -> EX802 | Q31: =VLOOKUP(F31,equipment!$A:$E,5,0) -> EX802 - 60
... A40: 466121 | B40: 466121 | C40: 1 | D40: 6 | E40: 260 | F40: 66 | G40: 94 | H40: 2025-09-01 10:56:38.923 | I40: 2025-09-01 11:55:22.401 | J40: 45901 | K40: 0.978743888888889 | L40: 10 | M40: =_xlfn.NUMBERVALUE("" & K40 & "",".",",") -> 0.97874389 | O40: =VLOOKUP(C40,statusdetails!$A:$D,4,0) -> READY | P40: =VLOOKUP(F40,equipment!$A:$E,4,0) -> CM407 | Q40: =VLOOKUP(F40,equipment!$A:$E,5,0) -> CM407 - 66
A41: 466122 | B41: 466122 | C41: 3 | D41: 12 | E41: 394 | F41: 91 | G41: 64 | H41: 2025-09-01 10:58:23.890894 | I41: 2025-09-01 11:48:35.428759 | J41: 45901 | K41: 0.836538295833333 | L41: 10 | M41: =_xlfn.NUMBERVALUE("" & K41 & "",".",",") -> 0.8365383 | N41: =COUNT(M:M) -> 1296 | O41: =VLOOKUP(C41,statusdetails!$A:$D,4,0) -> STANDBY | P41: =VLOOKUP(F41,equipment!$A:$E,4,0) -> DZ205 | Q41: =VLOOKUP(F41,equipment!$A:$E,5,0) -> DZ205 - 91
A42: 466123 | B42: 466123 | C42: 4 | D42: 15 | E42: 630 | F42: 41 | G42: 126 | H42: 2025-09-01 11:00:32.97469 | I42: 2025-09-01 11:37:52.237954 | J42: 45901 | K42: 0.622017573333333 | L42: 11 | M42: =_xlfn.NUMBERVALUE("" & K42 & "",".",",") -> 0.62201757 | O42: =VLOOKUP(C42,statusdetails!$A:$D,4,0) -> MAINT
A43: 466124 | B43: 466124 | C43: 3 | D43: 12 | E43: 1012 | F43: 43 | G43: 5 | H43: 2025-09-01 11:06:45.405098 | I43: 2025-09-02 10:27:12.998113 | J43: 45901 | K43: 23.3409980597222 | L43: 11 | M43: =_xlfn.NUMBERVALUE("" & K43 & "",".",",") -> 23.340998 | O43: =VLOOKUP(C43,statusdetails!$A:$D,4,0) -> STANDBY | P43: =VLOOKUP(F43,equipment!$A:$E,4,0) -> PE302 | Q43: =VLOOKUP(F43,equipment!$A:$E,5,0) -> PE302 - 43
A44: 466125 | B44: 466125 | C44: 4 | D44: 15 | E44: 2396 | F44: 82 | G44: 110 | H44: 2025-09-01 11:28:21.017261 | I44: 2025-09-01 13:06:48.334108 | J44: 45901 | K44: 1.64092134638889 | L44: 11 | M44: =_xlfn.NUMBERVALUE("" & K44 & "",".",",") -> 1.6409213 | O44: =VLOOKUP(C44,statusdetails!$A:$D,4,0) -> MAINT
A45: 466126 | B45: 466126 | C45: 3 | D45: 12 | E45: 2422 | F45: 85 | G45: 22 | H45: 2025-09-01 11:29:03.857527 | I45: 2025-09-01 13:30:36.667307 | J45: 45901 | K45: 2.02578049444444 | L45: 11 | M45: =_xlfn.NUMBERVALUE("" & K45 & "",".",",") -> 2.0257805 | O45: =VLOOKUP(C45,statusdetails!$A:$D,4,0) -> STANDBY | P45: =VLOOKUP(F45,equipment!$A:$E,4,0) -> CM02 | Q45: =VLOOKUP(F45,equipment!$A:$E,5,0) -> CM02 - 85
A46: 466127 | B46: 466127 | C46: 3 | D46: 14 | E46: 2555 | F46: 88 | G46: 129 | H46: 2025-09-01 11:31:17.311 | I46: 2025-09-01 11:37:40.326015 | J46: 45901 | K46: 0.106393059722222 | L46: 11 | M46: =_xlfn.NUMBERVALUE("" & K46 & "",".",",") -> 0.10639306 | O46: =VLOOKUP(C46,statusdetails!$A:$D,4,0) -> STANDBY | P46: =VLOOKUP(F46,equipment!$A:$E,4,0) -> CM05 | Q46: =VLOOKUP(F46,equipment!$A:$E,5,0) -> CM05 - 88
A47: 466128 | B47: 466128 | C47: 3 | D47: 12 | E47: 2422 | F47: 88 | G47: 129 | H47: 2025-09-01 11:37:40.326015 | I47: 2025-09-01 13:30:44.163315 | J47: 45901 | K47: 1.88439925 | L47: 11 | M47: =_xlfn.NUMBERVALUE("" & K47 & "",".",",") -> 1.8843992 | O47: =VLOOKUP(C47,statusdetails!$A:$D,4,0) -> STANDBY | P47: =VLOOKUP(F47,equipment!$A:$E,4,0) -> CM05 | Q47: =VLOOKUP(F47,equipment!$A:$E,5,0) -> CM05 - 88
A48: 466129 | B48: 466129 | C48: 1 | D48: 6 | E48: 586 | F48: 41 | G48: 126 | H48: 2025-09-01 11:37:52.237954 | I48: 2025-09-01 18:48:53.245871 | J48: 45901 | K48: 7.18361331027778 | L48: 11 | M48: =_xlfn.NUMBERVALUE("" & K48 & "",".",",") -> 7.1836133 | O48: =VLOOKUP(C48,statusdetails!$A:$D,4,0) -> READY
A49: 466130 | B49: 466130 | C49: 3 | D49: 12 | E49: 2422 | F49: 87 | G49: 143 | H49: 2025-09-01 11:38:09.319793 | I49: 2025-09-01 13:30:49.304704 | J49: 45901 | K49: 1.87777358638889 | L49: 11 | M49: =_xlfn.NUMBERVALUE("" & K49 & "",".",",") -> 1.8777736 | O49: =VLOOKUP(C49,statusdetails!$A:$D,4,0) -> STANDBY | P49: =VLOOKUP(F49,equipment!$A:$E,4,0) -> CM04 | Q49: =VLOOKUP(F49,equipment!$A:$E,5,0) -> CM04 - 87
A50: 466131 | B50: 466131 | C50: 2 | D50: 9 | E50: 2580 | F50: 89 | G50: 130 | H50: 2025-09-01 11:40:13.896 | I50: 2025-09-01 11:43:06.149313 | J50: 45901 | K50: 0.0478481425 | L50: 11 | M50: =_xlfn.NUMBERVALUE("" & K50 & "",".",",") -> 0.047848143 | O50: =VLOOKUP(C50,statusdetails!$A:$D,4,0) -> DELAY
A51: 466132 | B51: 466132 | C51: 2 | D51: 9 | E51: 1347 | F51: 32 | G51: 113 | H51: 2025-09-01 11:42:19.17746 | I51: 2025-09-01 11:44:07.767565 | J51: 45901 | K51: 0.0301639180555556 | L51: 11 | M51: =_xlfn.NUMBERVALUE("" & K51 & "",".",",") -> 0.030163918 | O51: =VLOOKUP(C51,statusdetails!$A:$D,4,0) -> DELAY
A52: 466133 | B52: 466133 | C52: 1 | D52: 6 | E52: 2404 | F52: 89 | G52: 130 | H52: 2025-09-01 11:43:06.149313 | I52: 2025-09-01 11:55:51.756035 | J52: 45901 | K52: 0.212668533888889 | L52: 11 | M52: =_xlfn.NUMBERVALUE("" & K52 & "",".",",") -> 0.21266853 | O52: =VLOOKUP(C52,statusdetails!$A:$D,4,0) -> READY
A53: 466134 | B53: 466134 | C53: 1 | D53: 6 | E53: 260 | F53: 32 | G53: 113 | H53: 2025-09-01 11:44:07.767565 | I53: 2025-09-01 12:28:52.406 | J53: 45901 | K53: 0.745732898611111 | L53: 11 | M53: =_xlfn.NUMBERVALUE("" & K53 & "",".",",") -> 0.7457329 | O53: =VLOOKUP(C53,statusdetails!$A:$D,4,0) -> READY
A54: 466135 | B54: 466135 | C54: 3 | D54: 12 | E54: 394 | F54: 37 | G54: 74 | H54: 2025-09-01 11:48:31.517448 | I54: 2025-09-01 14:46:06.026 | J54: 45901 | K54: 2.95958570888889 | L54: 11 | M54: =_xlfn.NUMBERVALUE("" & K54 & "",".",",") -> 2.9595857 | O54: =VLOOKUP(C54,statusdetails!$A:$D,4,0) -> STANDBY | P54: =VLOOKUP(F54,equipment!$A:$E,4,0) -> DZ201 | Q54: =VLOOKUP(F54,equipment!$A:$E,5,0) -> DZ201 - 37
A55: 466136 | B55: 466136 | C55: 1 | D55: 6 | E55: 372 | F55: 91 | G55: 64 | H55: 2025-09-01 11:48:35.428759 | I55: 2025-09-01 18:49:02.136717 | J55: 45901 | K55: 7.00741887722222 | L55: 11 | M55: =_xlfn.NUMBERVALUE("" & K55 & "",".",",") -> 7.0074189 | O55: =VLOOKUP(C55,statusdetails!$A:$D,4,0) -> READY
A56: 466137 | B56: 466137 | C56: 3 | D56: 12 | E56: 1011 | F56: 66 | G56: 94 | H56: 2025-09-01 11:55:22.401 | I56: 2025-09-01 11:55:57.671272 | J56: 45901 | K56: 0.00979729777777778 | L56: 11 | M56: =_xlfn.NUMBERVALUE("" & K56 & "",".",",") -> 0.0097972978 | O56: =VLOOKUP(C56,statusdetails!$A:$D,4,0) -> STANDBY | P56: =VLOOKUP(F56,equipment!$A:$E,4,0) -> CM407 | Q56: =VLOOKUP(F56,equipment!$A:$E,5,0) -> CM407 - 66
A57: 466138 | B57: 466138 | C57: 4 | D57: 16 | E57: 1459 | F57: 90 | G57: 10 | H57: 2025-09-01 11:55:31.589812 | I57: 2025-09-01 12:18:26.007723 | J57: 45901 | K57: 0.381782753055556 | L57: 11 | M57: =_xlfn.NUMBERVALUE("" & K57 & "",".",",") -> 0.38178275 | O57: =VLOOKUP(C57,statusdetails!$A:$D,4,0) -> MAINT
A58: 466139 | B58: 466139 | C58: 3 | D58: 12 | E58: 2422 | F58: 89 | G58: 130 | H58: 2025-09-01 11:55:51.756035 | I58: 2025-09-01 13:13:41.59109 | J58: 45901 | K58: 1.29717640416667 | L58: 11 | M58: =_xlfn.NUMBERVALUE("" & K58 & "",".",",") -> 1.2971764 | O58: =VLOOKUP(C58,statusdetails!$A:$D,4,0) -> STANDBY | P58: =VLOOKUP(F58,equipment!$A:$E,4,0) -> CM06 | Q58: =VLOOKUP(F58,equipment!$A:$E,5,0) -> CM06 - 89
A59: 466140 | B59: 466140 | C59: 1 | D59: 6 | E59: 260 | F59: 66 | G59: 94 | H59: 2025-09-01 11:55:57.671272 | I59: 2025-09-01 12:13:35.093 | J59: 45901 | K59: 0.293728257777778 | L59: 11 | M59: =_xlfn.NUMBERVALUE("" & K59 & "",".",",") -> 0.29372826 | O59: =VLOOKUP(C59,statusdetails!$A:$D,4,0) -> READY
A60: 466141 | B60: 466141 | C60: 3 | D60: 14 | E60: 1198 | F60: 33 | G60: 53 | H60: 2025-09-01 11:58:16.775877 | I60: 2025-09-01 12:04:02.489343 | J60: 45901 | K60: 0.0960315183333333 | L60: 11 | M60: =_xlfn.NUMBERVALUE("" & K60 & "",".",",") -> 0.096031518 | O60: =VLOOKUP(C60,statusdetails!$A:$D,4,0) -> STANDBY | P60: =VLOOKUP(F60,equipment!$A:$E,4,0) -> CM406 | Q60: =VLOOKUP(F60,equipment!$A:$E,5,0) -> CM406 - 33
A61: 466142 | B61: 466142 | C61: 3 | D61: 12 | E61: 2422 | F61: 84 | G61: 138 | H61: 2025-09-01 12:03:01.5671 | I61: 2025-09-01 13:24:13.408 | J61: 45901 | K61: 1.35328913888889 | L61: 12 | M61: =_xlfn.NUMBERVALUE("" & K61 & "",".",",") -> 1.3532891 | O61: =VLOOKUP(C61,statusdetails!$A:$D,4,0) -> STANDBY | P61: =VLOOKUP(F61,equipment!$A:$E,4,0) -> CM01 | Q61: =VLOOKUP(F61,equipment!$A:$E,5,0) -> CM01 - 84
A62: 466143 | B62: 466143 | C62: 2 | D62: 7 | E62: 2385 | F62: 96 | G62: 6 | H62: 2025-09-01 12:03:07.120347 | I62: 2025-09-01 12:08:54.379897 | J62: 45901 | K62: 0.0964609861111111 | L62: 12 | M62: =_xlfn.NUMBERVALUE("" & K62 & "",".",",") -> 0.096460986 | O62: =VLOOKUP(C62,statusdetails!$A:$D,4,0) -> DELAY
A63: 466144 | B63: 466144 | C63: 3 | D63: 14 | E63: 1142 | F63: 33 | G63: 53 | H63: 2025-09-01 12:04:02.489343 | I63: 2025-09-01 13:22:30.469 | J63: 45901 | K63: 1.30777212694444 | L63: 12 | M63: =_xlfn.NUMBERVALUE("" & K63 & "",".",",") -> 1.3077721 | O63: =VLOOKUP(C63,statusdetails!$A:$D,4,0) -> STANDBY | P63: =VLOOKUP(F63,equipment!$A:$E,4,0) -> CM406 | Q63: =VLOOKUP(F63,equipment!$A:$E,5,0) -> CM406 - 33
A64: 466145 | B64: 466145 | C64: 4 | D64: 16 | E64: 1345 | F64: 74 | G64: 58 | H64: 2025-09-01 12:04:54.827478 | I64: 2025-09-01 12:58:16.585437 | J64: 45901 | K64: 0.889377210833333 | L64: 12 | M64: =_xlfn.NUMBERVALUE("" & K64 & "",".",",") -> 0.88937721 | O64: =VLOOKUP(C64,statusdetails!$A:$D,4,0) -> MAINT
A65: 466146 | B65: 466146 | C65: 3 | D65: 14 | E65: 1142 | F65: 35 | G65: 119 | H65: 2025-09-01 12:08:45.20194 | I65: 2025-09-01 13:24:06.85569 | J65: 45901 | K65: 1.25601493055556 | L65: 12 | M65: =_xlfn.NUMBERVALUE("" & K65 & "",".",",") -> 1.2560149 | O65: =VLOOKUP(C65,statusdetails!$A:$D,4,0) -> STANDBY | P65: =VLOOKUP(F65,equipment!$A:$E,4,0) -> CM405 | Q65: =VLOOKUP(F65,equipment!$A:$E,5,0) -> CM405 - 35
A66: 466147 | B66: 466147 | C66: 3 | D66: 14 | E66: 2386 | F66: 96 | G66: 6 | H66: 2025-09-01 12:08:54.379897 | I66: 2025-09-01 13:05:01.061855 | J66: 45901 | K66: 0.935189432777778 | L66: 12 | M66: =_xlfn.NUMBERVALUE("" & K66 & "",".",",") -> 0.93518943 | O66: =VLOOKUP(C66,statusdetails!$A:$D,4,0) -> STANDBY | P66: =VLOOKUP(F66,equipment!$A:$E,4,0) -> EX503 | Q66: =VLOOKUP(F66,equipment!$A:$E,5,0) -> EX503 - 96
A67: 466148 | B67: 466148 | C67: 3 | D67: 14 | E67: 1162 | F67: 66 | G67: 94 | H67: 2025-09-01 12:13:35.093 | I67: 2025-09-01 12:18:08.124167 | J67: 45901 | K67: 0.0758419908333333 | L67: 12 | M67: =_xlfn.NUMBERVALUE("" & K67 & "",".",",") -> 0.075841991 | O67: =VLOOKUP(C67,statusdetails!$A:$D,4,0) -> STANDBY | P67: =VLOOKUP(F67,equipment!$A:$E,4,0) -> CM407 | Q67: =VLOOKUP(F67,equipment!$A:$E,5,0) -> CM407 - 66
A68: 466149 | B68: 466149 | C68: 1 | D68: 6 | E68: 260 | F68: 66 | G68: 94 | H68: 2025-09-01 12:18:08.124167 | I68: 2025-09-01 15:21:36.806808 | J68: 45901 | K68: 3.05796740027778 | L68: 12 | M68: =_xlfn.NUMBERVALUE("" & K68 & "",".",",") -> 3.0579674 | O68: =VLOOKUP(C68,statusdetails!$A:$D,4,0) -> READY
A69: 466150 | B69: 466150 | C69: 1 | D69: 6 | E69: 1397 | F69: 90 | G69: 10 | H69: 2025-09-01 12:18:26.007723 | I69: 2025-09-01 12:30:31.679875 | J69: 45901 | K69: 0.201575597777778 | L69: 12 | M69: =_xlfn.NUMBERVALUE("" & K69 & "",".",",") -> 0.2015756 | O69: =VLOOKUP(C69,statusdetails!$A:$D,4,0) -> READY
A70: 466151 | B70: 466151 | C70: 2 | D70: 9 | E70: 2568 | F70: 32 | G70: 113 | H70: 2025-09-01 12:28:52.406 | I70: 2025-09-01 12:32:38.819391 | J70: 45901 | K70: 0.0628926086111111 | L70: 12 | M70: =_xlfn.NUMBERVALUE("" & K70 & "",".",",") -> 0.062892609 | O70: =VLOOKUP(C70,statusdetails!$A:$D,4,0) -> DELAY
A71: 466152 | B71: 466152 | C71: 3 | D71: 14 | E71: 1512 | F71: 90 | G71: 10 | H71: 2025-09-01 12:30:31.679875 | I71: 2025-09-01 12:52:53.870951 | J71: 45901 | K71: 0.372830854444444 | L71: 12 | M71: =_xlfn.NUMBERVALUE("" & K71 & "",".",",") -> 0.37283085 | O71: =VLOOKUP(C71,statusdetails!$A:$D,4,0) -> STANDBY | P71: =VLOOKUP(F71,equipment!$A:$E,4,0) -> EX803 | Q71: =VLOOKUP(F71,equipment!$A:$E,5,0) -> EX803 - 90
A72: 466153 | B72: 466153 | C72: 1 | D72: 6 | E72: 260 | F72: 32 | G72: 113 | H72: 2025-09-01 12:32:38.819391 | I72: 2025-09-01 13:15:46.632 | J72: 45901 | K72: 0.718836835833333 | L72: 12 | M72: =_xlfn.NUMBERVALUE("" & K72 & "",".",",") -> 0.71883684 | O72: =VLOOKUP(C72,statusdetails!$A:$D,4,0) -> READY
A73: 466154 | B73: 466154 | C73: 2 | D73: 7 | E73: 1494 | F73: 90 | G73: 10 | H73: 2025-09-01 12:52:53.870951 | I73: 2025-09-01 12:55:19.073767 | J73: 45901 | K73: 0.0403341155555556 | L73: 12 | M73: =_xlfn.NUMBERVALUE("" & K73 & "",".",",") -> 0.040334116 | O73: =VLOOKUP(C73,statusdetails!$A:$D,4,0) -> DELAY
A74: 466155 | B74: 466155 | C74: 1 | D74: 6 | E74: 1397 | F74: 90 | G74: 10 | H74: 2025-09-01 12:55:19.073767 | I74: 2025-09-01 15:21:45.315654 | J74: 45901 | K74: 2.44062274638889 | L74: 12 | M74: =_xlfn.NUMBERVALUE("" & K74 & "",".",",") -> 2.4406227 | O74: =VLOOKUP(C74,statusdetails!$A:$D,4,0) -> READY
A75: 466156 | B75: 466156 | C75: 3 | D75: 12 | E75: 1175 | F75: 74 | G75: 58 | H75: 2025-09-01 12:58:16.585437 | I75: 2025-09-01 19:46:53.258835 | J75: 45901 | K75: 6.810187055 | L75: 12 | M75: =_xlfn.NUMBERVALUE("" & K75 & "",".",",") -> 6.8101871 | O75: =VLOOKUP(C75,statusdetails!$A:$D,4,0) -> STANDBY | P75: =VLOOKUP(F75,equipment!$A:$E,4,0) -> CR701 | Q75: =VLOOKUP(F75,equipment!$A:$E,5,0) -> CR701 - 74
A76: 466157 | B76: 466157 | C76: 4 | D76: 15 | E76: 2396 | F76: 96 | G76: 6 | H76: 2025-09-01 13:05:01.061855 | I76: 2025-09-01 13:24:01.151011 | J76: 45901 | K76: 0.316691432222222 | L76: 13 | M76: =_xlfn.NUMBERVALUE("" & K76 & "",".",",") -> 0.31669143 | O76: =VLOOKUP(C76,statusdetails!$A:$D,4,0) -> MAINT
A77: 466158 | B77: 466158 | C77: 4 | D77: 16 | E77: 2520 | F77: 82 | G77: 110 | H77: 2025-09-01 13:06:48.334108 | I77: 2025-09-01 13:30:36.722714 | J77: 45901 | K77: 0.396774612777778 | L77: 13 | M77: =_xlfn.NUMBERVALUE("" & K77 & "",".",",") -> 0.39677461 | O77: =VLOOKUP(C77,statusdetails!$A:$D,4,0) -> MAINT
A78: 466159 | B78: 466159 | C78: 3 | D78: 12 | E78: 1175 | F78: 49 | G78: 0 | H78: 2025-09-01 13:07:05.66072 | I78: 2025-09-01 13:47:26.916001 | J78: 45901 | K78: 0.672570911388889 | L78: 13 | M78: =_xlfn.NUMBERVALUE("" & K78 & "",".",",") -> 0.67257091 | O78: =VLOOKUP(C78,statusdetails!$A:$D,4,0) -> STANDBY | P78: =VLOOKUP(F78,equipment!$A:$E,4,0) -> CR702 | Q78: =VLOOKUP(F78,equipment!$A:$E,5,0) -> CR702 - 49
A79: 466160 | B79: 466160 | C79: 1 | D79: 6 | E79: 2404 | F79: 89 | G79: 130 | H79: 2025-09-01 13:13:41.59109 | I79: 2025-09-01 20:00:02.744859 | J79: 45901 | K79: 6.77254271361111 | L79: 13 | M79: =_xlfn.NUMBERVALUE("" & K79 & "",".",",") -> 6.7725427 | O79: =VLOOKUP(C79,statusdetails!$A:$D,4,0) -> READY
A80: 466161 | B80: 466161 | C80: 2 | D80: 9 | E80: 1004 | F80: 32 | G80: 113 | H80: 2025-09-01 13:15:46.632 | I80: 2025-09-01 13:19:05.924503 | J80: 45901 | K80: 0.0553590286111111 | L80: 13 | M80: =_xlfn.NUMBERVALUE("" & K80 & "",".",",") -> 0.055359029 | O80: =VLOOKUP(C80,statusdetails!$A:$D,4,0) -> DELAY
A81: 466162 | B81: 466162 | C81: 3 | D81: 14 | E81: 1511 | F81: 60 | G81: 164 | H81: 2025-09-01 13:16:00.169063 | I81: 2025-09-01 13:22:59.315365 | J81: 45901 | K81: 0.116429528333333 | L81: 13 | M81: =_xlfn.NUMBERVALUE("" & K81 & "",".",",") -> 0.11642953 | O81: =VLOOKUP(C81,statusdetails!$A:$D,4,0) -> STANDBY | P81: =VLOOKUP(F81,equipment!$A:$E,4,0) -> EX802 | Q81: =VLOOKUP(F81,equipment!$A:$E,5,0) -> EX802 - 60
A82: 466163 | B82: 466163 | C82: 3 | D82: 14 | E82: 1162 | F82: 32 | G82: 78 | H82: 2025-09-01 13:19:05.924503 | I82: 2025-09-01 13:22:18.05643 | J82: 45901 | K82: 0.0533699797222222 | L82: 13 | M82: =_xlfn.NUMBERVALUE("" & K82 & "",".",",") -> 0.05336998 | O82: =VLOOKUP(C82,statusdetails!$A:$D,4,0) -> STANDBY | P82: =VLOOKUP(F82,equipment!$A:$E,4,0) -> CM403 | Q82: =VLOOKUP(F82,equipment!$A:$E,5,0) -> CM403 - 32
A83: 466164 | B83: 466164 | C83: 1 | D83: 6 | E83: 260 | F83: 32 | G83: 78 | H83: 2025-09-01 13:22:18.05643 | I83: 2025-09-01 15:11:27.966562 | J83: 45901 | K83: 1.81941948111111 | L83: 13 | M83: =_xlfn.NUMBERVALUE("" & K83 & "",".",",") -> 1.8194195 | O83: =VLOOKUP(C83,statusdetails!$A:$D,4,0) -> READY
A84: 466165 | B84: 466165 | C84: 1 | D84: 6 | E84: 260 | F84: 33 | G84: 53 | H84: 2025-09-01 13:22:30.469 | I84: 2025-09-01 13:57:54.645 | J84: 45901 | K84: 0.590048888888889 | L84: 13 | M84: =_xlfn.NUMBERVALUE("" & K84 & "",".",",") -> 0.59004889 | O84: =VLOOKUP(C84,statusdetails!$A:$D,4,0) -> READY
A85: 466166 | B85: 466166 | C85: 1 | D85: 6 | E85: 1397 | F85: 60 | G85: 164 | H85: 2025-09-01 13:22:59.315365 | I85: 2025-09-01 15:26:32.695409 | J85: 45901 | K85: 2.05927223444444 | L85: 13 | M85: =_xlfn.NUMBERVALUE("" & K85 & "",".",",") -> 2.0592722 | O85: =VLOOKUP(C85,statusdetails!$A:$D,4,0) -> READY
A86: 466167 | B86: 466167 | C86: 1 | D86: 6 | E86: 2518 | F86: 96 | G86: 6 | H86: 2025-09-01 13:24:01.151011 | I86: 2025-09-01 14:00:21.046929 | J86: 45901 | K86: 0.605526643888889 | L86: 13 | M86: =_xlfn.NUMBERVALUE("" & K86 & "",".",",") -> 0.60552664 | O86: =VLOOKUP(C86,statusdetails!$A:$D,4,0) -> READY
A87: 466168 | B87: 466168 | C87: 1 | D87: 6 | E87: 260 | F87: 35 | G87: 119 | H87: 2025-09-01 13:24:06.85569 | I87: 2025-09-01 13:53:08.258613 | J87: 45901 | K87: 0.483723034166667 | L87: 13 | M87: =_xlfn.NUMBERVALUE("" & K87 & "",".",",") -> 0.48372303 | O87: =VLOOKUP(C87,statusdetails!$A:$D,4,0) -> READY
A88: 466169 | B88: 466169 | C88: 1 | D88: 6 | E88: 2404 | F88: 84 | G88: 138 | H88: 2025-09-01 13:24:13.408 | I88: 2025-09-01 14:00:45.294166 | J88: 45901 | K88: 0.608857268333333 | L88: 13 | M88: =_xlfn.NUMBERVALUE("" & K88 & "",".",",") -> 0.60885727 | O88: =VLOOKUP(C88,statusdetails!$A:$D,4,0) -> READY
A89: 466170 | B89: 466170 | C89: 1 | D89: 6 | E89: 2404 | F89: 85 | G89: 22 | H89: 2025-09-01 13:30:36.667307 | I89: 2025-09-01 14:00:29.341955 | J89: 45901 | K89: 0.49796518 | L89: 13 | M89: =_xlfn.NUMBERVALUE("" & K89 & "",".",",") -> 0.49796518 | O89: =VLOOKUP(C89,statusdetails!$A:$D,4,0) -> READY
A90: 466171 | B90: 466171 | C90: 2 | D90: 7 | E90: 2385 | F90: 82 | G90: 110 | H90: 2025-09-01 13:30:36.722714 | I90: 45901.567 | J90: 45901 | K90: 0.0972992461111111 | L90: 13 | M90: =_xlfn.NUMBERVALUE("" & K90 & "",".",",") -> 0.097299246 | O90: =VLOOKUP(C90,statusdetails!$A:$D,4,0) -> DELAY
A91: 466172 | B91: 466172 | C91: 1 | D91: 6 | E91: 2404 | F91: 88 | G91: 129 | H91: 2025-09-01 13:30:44.163315 | I91: 2025-09-01 14:03:12.747365 | J91: 45901 | K91: 0.541273347222222 | L91: 13 | M91: =_xlfn.NUMBERVALUE("" & K91 & "",".",",") -> 0.54127335 | O91: =VLOOKUP(C91,statusdetails!$A:$D,4,0) -> READY
A92: 466173 | B92: 466173 | C92: 1 | D92: 6 | E92: 2404 | F92: 87 | G92: 143 | H92: 2025-09-01 13:30:49.304704 | I92: 2025-09-01 17:24:38.978529 | J92: 45901 | K92: 3.89713161805556 | L92: 13 | M92: =_xlfn.NUMBERVALUE("" & K92 & "",".",",") -> 3.8971316 | O92: =VLOOKUP(C92,statusdetails!$A:$D,4,0) -> READY
A93: 466175 | B93: 466174 | C93: 1 | D93: 6 | E93: 2518 | F93: 82 | G93: 110 | H93: 45901.567 | I93: 2025-09-01 13:53:15.318039 | J93: 45901 | K93: 0.280088344166667 | L93: 13 | M93: =_xlfn.NUMBERVALUE("" & K93 & "",".",",") -> 0.28008834 | O93: =VLOOKUP(C93,statusdetails!$A:$D,4,0) -> READY
A94: 466176 | B94: 466176 | C94: 1 | D94: 6 | E94: 2524 | F94: 49 | G94: 0 | H94: 2025-09-01 13:47:26.916001 | I94: 2025-09-01 18:49:07.086435 | J94: 45901 | K94: 5.02782512055556 | L94: 13 | M94: =_xlfn.NUMBERVALUE("" & K94 & "",".",",") -> 5.0278251 | O94: =VLOOKUP(C94,statusdetails!$A:$D,4,0) -> READY
A95: 466177 | B95: 466177 | C95: 3 | D95: 12 | E95: 1011 | F95: 35 | G95: 119 | H95: 2025-09-01 13:53:08.258613 | I95: 2025-09-01 16:52:29.315482 | J95: 45901 | K95: 2.98918246361111 | L95: 13 | M95: =_xlfn.NUMBERVALUE("" & K95 & "",".",",") -> 2.9891825 | O95: =VLOOKUP(C95,statusdetails!$A:$D,4,0) -> STANDBY | P95: =VLOOKUP(F95,equipment!$A:$E,4,0) -> CM405 | Q95: =VLOOKUP(F95,equipment!$A:$E,5,0) -> CM405 - 35
A96: 466178 | B96: 466178 | C96: 2 | D96: 7 | E96: 2385 | F96: 82 | G96: 110 | H96: 2025-09-01 13:53:15.318039 | I96: 2025-09-01 14:20:51.956627 | J96: 45901 | K96: 0.460177385555556 | L96: 13 | M96: =_xlfn.NUMBERVALUE("" & K96 & "",".",",") -> 0.46017739 | O96: =VLOOKUP(C96,statusdetails!$A:$D,4,0) -> DELAY
A97: 466179 | B97: 466179 | C97: 4 | D97: 15 | E97: 1781 | F97: 33 | G97: 53 | H97: 2025-09-01 13:57:54.645 | I97: 2025-09-01 14:48:32.480887 | J97: 45901 | K97: 0.843843301944444 | L97: 13 | M97: =_xlfn.NUMBERVALUE("" & K97 & "",".",",") -> 0.8438433 | O97: =VLOOKUP(C97,statusdetails!$A:$D,4,0) -> MAINT
A98: 466180 | B98: 466180 | C98: 3 | D98: 14 | E98: 2387 | F98: 96 | G98: 6 | H98: 2025-09-01 14:00:21.046929 | I98: 2025-09-01 14:09:23.678564 | J98: 45901 | K98: 0.150731009722222 | L98: 14 | M98: =_xlfn.NUMBERVALUE("" & K98 & "",".",",") -> 0.15073101 | O98: =VLOOKUP(C98,statusdetails!$A:$D,4,0) -> STANDBY | P98: =VLOOKUP(F98,equipment!$A:$E,4,0) -> EX503 | Q98: =VLOOKUP(F98,equipment!$A:$E,5,0) -> EX503 - 96
A99: 466181 | B99: 466181 | C99: 2 | D99: 9 | E99: 2448 | F99: 85 | G99: 22 | H99: 2025-09-01 14:00:29.341955 | I99: 2025-09-01 14:09:26.501498 | J99: 45901 | K99: 0.149210984166667 | L99: 14 | M99: =_xlfn.NUMBERVALUE("" & K99 & "",".",",") -> 0.14921098 | O99: =VLOOKUP(C99,statusdetails!$A:$D,4,0) -> DELAY
A100: 466182 | B100: 466182 | C100: 2 | D100: 9 | E100: 2448 | F100: 84 | G100: 138 | H100: 2025-09-01 14:00:45.294166 | I100: 2025-09-01 14:10:41.322 | J100: 45901 | K100: 0.165563287222222 | L100: 14 | M100: =_xlfn.NUMBERVALUE("" & K100 & "",".",",") -> 0.16556329 | O100: =VLOOKUP(C100,statusdetails!$A:$D,4,0) -> DELAY
A101: 466183 | B101: 466183 | C101: 2 | D101: 9 | E101: 2448 | F101: 88 | G101: 129 | H101: 2025-09-01 14:03:12.747365 | I101: 2025-09-01 14:14:27.865507 | J101: 45901 | K101: 0.187532817222222 | L101: 14 | M101: =_xlfn.NUMBERVALUE("" & K101 & "",".",",") -> 0.18753282 | O101: =VLOOKUP(C101,statusdetails!$A:$D,4,0) -> DELAY
A102: 466184 | B102: 466184 | C102: 1 | D102: 6 | E102: 2518 | F102: 96 | G102: 6 | H102: 2025-09-01 14:09:23.678564 | I102: 2025-09-01 17:29:30.698771 | J102: 45901 | K102: 3.33528339083333 | L102: 14 | M102: =_xlfn.NUMBERVALUE("" & K102 & "",".",",") -> 3.3352834 | O102: =VLOOKUP(C102,statusdetails!$A:$D,4,0) -> READY
A103: 466185 | B103: 466185 | C103: 1 | D103: 6 | E103: 2404 | F103: 85 | G103: 22 | H103: 2025-09-01 14:09:26.501498 | I103: 2025-09-01 16:54:53.170539 | J103: 45901 | K103: 2.75740806694444 | L103: 14 | M103: =_xlfn.NUMBERVALUE("" & K103 & "",".",",") -> 2.7574081 | O103: =VLOOKUP(C103,statusdetails!$A:$D,4,0) -> READY
A104: 466186 | B104: 466186 | C104: 1 | D104: 6 | E104: 2404 | F104: 84 | G104: 138 | H104: 2025-09-01 14:10:41.322 | I104: 2025-09-01 17:29:05.512 | J104: 45901 | K104: 3.30671944444444 | L104: 14 | M104: =_xlfn.NUMBERVALUE("" & K104 & "",".",",") -> 3.3067194 | O104: =VLOOKUP(C104,statusdetails!$A:$D,4,0) -> READY
A105: 466187 | B105: 466187 | C105: 1 | D105: 6 | E105: 2404 | F105: 88 | G105: 129 | H105: 2025-09-01 14:14:27.865507 | I105: 2025-09-01 16:03:01.259 | J105: 45901 | K105: 1.80927597027778 | L105: 14 | M105: =_xlfn.NUMBERVALUE("" & K105 & "",".",",") -> 1.809276 | O105: =VLOOKUP(C105,statusdetails!$A:$D,4,0) -> READY
A106: 466188 | B106: 466188 | C106: 3 | D106: 12 | E106: 1011 | F106: 34 | G106: 0 | H106: 2025-09-01 14:20:36.114532 | I106: 2025-09-01 19:23:16.850531 | J106: 45901 | K106: 5.04464888861111 | L106: 14 | M106: =_xlfn.NUMBERVALUE("" & K106 & "",".",",") -> 5.0446489 | O106: =VLOOKUP(C106,statusdetails!$A:$D,4,0) -> STANDBY | P106: =VLOOKUP(F106,equipment!$A:$E,4,0) -> CM404 | Q106: =VLOOKUP(F106,equipment!$A:$E,5,0) -> CM404 - 34
A107: 466189 | B107: 466189 | C107: 1 | D107: 2303 | E107: 2591 | F107: 82 | G107: 110 | H107: 2025-09-01 14:20:51.956627 | I107: 2025-09-01 18:50:07.29418 | J107: 45901 | K107: 4.48759376472222 | L107: 14 | M107: =_xlfn.NUMBERVALUE("" & K107 & "",".",",") -> 4.4875938 | O107: =VLOOKUP(C107,statusdetails!$A:$D,4,0) -> READY
A108: 466190 | B108: 466190 | C108: 1 | D108: 6 | E108: 372 | F108: 37 | G108: 74 | H108: 2025-09-01 14:46:06.026 | I108: 2025-09-01 18:48:57.655255 | J108: 45901 | K108: 4.04767479305556 | L108: 14 | M108: =_xlfn.NUMBERVALUE("" & K108 & "",".",",") -> 4.0476748 | O108: =VLOOKUP(C108,statusdetails!$A:$D,4,0) -> READY
...

Sheet statusdetails
A1: Id main status | B1: Id type status | C1: Id detail status | D1: Main status | E1: Type status | F1: Detail status
A2: 1 | B2: 6 | C2: 18 | D2: READY | E2: Productivo | F2: En Producción
A3: 1 | B3: 6 | C3: 138 | D3: READY | E3: Productivo | F3: En Producción
A4: 1 | B4: 6 | C4: 139 | D4: READY | E4: Productivo | F4: Traslado Operativo
A5: 1 | B5: 6 | C5: 260 | D5: READY | E5: Productivo | F5: En Producción
A6: 1 | B6: 6 | C6: 261 | D6: READY | E6: Productivo | F6: Traslado Operativo
A7: 1 | B7: 6 | C7: 372 | D7: READY | E7: Productivo | F7: En Producción
A8: 1 | B8: 6 | C8: 373 | D8: READY | E8: Productivo | F8: Traslado Operativo
A9: 1 | B9: 6 | C9: 479 | D9: READY | E9: Productivo | F9: En Producción
A10: 1 | B10: 6 | C10: 480 | D10: READY | E10: Productivo | F10: Traslado Operativo
A11: 1 | B11: 6 | C11: 586 | D11: READY | E11: Productivo | F11: En Producción
A12: 1 | B12: 6 | C12: 587 | D12: READY | E12: Productivo | F12: Traslado Operativo
A13: 1 | B13: 6 | C13: 700 | D13: READY | E13: Productivo | F13: En Producción
... A2639: 5 | B2639: 17 | C2639: 2409 | D2639: OUTOFPLAN | E2639: Programado | F2639: Fuera de plan

Sheet equipment
A1: Id equipment | B1: Fleet type | C1: Fleet category | D1: Equipment | E1: Equipment - ID
A2: 36 | B2: Acarreo en Mina | C2: HD785 | D2: CM401 | E2: CM401 - 36
A3: 31 | B3: Acarreo en Mina | C3: HD785 | D3: CM402 | E3: CM402 - 31
A4: 32 | B4: Acarreo en Mina | C4: HD785 | D4: CM403 | E4: CM403 - 32
A5: 34 | B5: Acarreo en Mina | C5: HD785 | D5: CM404 | E5: CM404 - 34
A6: 35 | B6: Acarreo en Mina | C6: HD785 | D6: CM405 | E6: CM405 - 35
A7: 33 | B7: Acarreo en Mina | C7: HD785 | D7: CM406 | E7: CM406 - 33
A8: 66 | B8: Acarreo en Mina | C8: HD785 | D8: CM407 | E8: CM407 - 66
A9: 67 | B9: Acarreo en Mina | C9: HD785 | D9: SANY1 | E9: SANY1 - 67
A10: 68 | B10: Acarreo en Mina | C10: HD785 | D10: SANY2 | E10: SANY2 - 68
A11: 71 | B11: Acarreo en Mina | C11: SANY | D11: SANY1 | E11: SANY1 - 71
A12: 80 | B12: Acarreo en Mina | C12: SANY | D12: SANY1 | E12: SANY1 - 80
A13: 70 | B13: Acarreo en Mina | C13: SANY | D13: SANY2 | E13: SANY2 - 70
... A59: 39 | B59: Tractor de Orugas | C59: D65 | D59: DZ203 | E59: DZ203 - 39
