Workbook

Sheet Cube
B1: cnt | C1: Real date | D1: Equipment | E1: Fleet category | F1: Fleet type | G1: Main status | H1: Suma de Total Hours | I1: total
C2: 45900 | D2: CF601 | E2: WA900 | F2: Carguio en Mina | G2: OUTOFPLAN | H2: 24
C3: 45901 | D3: CF602 | E3: WA900 | F3: Carguio en Mina | G3: MAINT | H3: 24 | I3: =SUBTOTAL(9,H3:H7) -> 0
C4: 45902 | D4: Ch1 | E4: Chancadora | F4: Chancadoras | G4: MAINT | H4: 1.890824 | I4: 48.296198
C5: 45903 | D5: Ch1 | E5: Chancadora | F5: Chancadoras | G5: READY | H5: 22.109176 | I5: 48.296198
B6: =COUNT(B7:B527) -> 83 | H6: =SUBTOTAL(9,H7:H573)+H573 -> 44.563165
B7: 1 | C7: 45904 | D7: CM01 | E7: SCANIA | F7: Acarreo en Mina | G7: DELAY | H7: 0.29619812
C8: 45905 | D8: CM01 | E8: SCANIA | F8: Acarreo en Mina | G8: MAINT | H8: 1.5449415
C9: 45906 | D9: CM01 | E9: SCANIA | F9: Acarreo en Mina | G9: READY | H9: 12.05774
C10: 45907 | D10: CM01 | E10: SCANIA | F10: Acarreo en Mina | G10: STANDBY | H10: 10.101121
A11: =SUBTOTAL(9,B:B) -> 66 | B11: 1 | C11: 45908 | D11: CM02 | E11: SCANIA | F11: Acarreo en Mina | G11: DELAY | H11: 0.27431882
C12: 45909 | D12: CM02 | E12: SCANIA | F12: Acarreo en Mina | G12: MAINT | H12: 2.2563357
C13: 45910 | D13: CM02 | E13: SCANIA | F13: Acarreo en Mina | G13: READY | H13: 18.516134
C14: 45911 | D14: CM02 | E14: SCANIA | F14: Acarreo en Mina | G14: STANDBY | H14: 2.9532115
B15: 1 | C15: 45912 | D15: CM03 | E15: SCANIA | F15: Acarreo en Mina | G15: DELAY | H15: 0.15786211
C16: 45913 | D16: CM03 | E16: SCANIA | F16: Acarreo en Mina | G16: READY | H16: 20.372129
C17: 45914 | D17: CM03 | E17: SCANIA | F17: Acarreo en Mina | G17: STANDBY | H17: 3.4700088
B18: 1 | C18: 45915 | D18: CM04 | E18: SCANIA | F18: Acarreo en Mina | G18: DELAY | H18: 0.36508239
C19: 45916 | D19: CM04 | E19: SCANIA | F19: Acarreo en Mina | G19: READY | H19: 20.027791
C20: 45917 | D20: CM04 | E20: SCANIA | F20: Acarreo en Mina | G20: STANDBY | H20: 3.6071264
C21: 45918 | D21: CM05 | E21: SCANIA | F21: Acarreo en Mina | G21: MAINT | H21: 9.1473103
C22: 45919 | D22: CM05 | E22: SCANIA | F22: Acarreo en Mina | G22: READY | H22: 10.084449
C23: 45920 | D23: CM05 | E23: SCANIA | F23: Acarreo en Mina | G23: STANDBY | H23: 4.7682403
C24: 45921 | D24: CM06 | E24: SCANIA | F24: Acarreo en Mina | G24: MAINT | H24: 0.78054511
C25: 45922 | D25: CM06 | E25: SCANIA | F25: Acarreo en Mina | G25: READY | H25: 19.733588
C26: 45923 | D26: CM06 | E26: SCANIA | F26: Acarreo en Mina | G26: STANDBY | H26: 3.4858674
C27: 45924 | D27: CM07 | E27: SCANIA | F27: Acarreo en Mina | G27: OUTOFPLAN | H27: 24
C28: 45925 | D28: CM401 | E28: HD785 | F28: Acarreo en Mina | G28: OUTOFPLAN | H28: 24
C29: 45926 | D29: CM402 | E29: HD785 | F29: Acarreo en Mina | G29: OUTOFPLAN | H29: 24
B30: 1 | C30: 45927 | D30: CM403 | E30: HD785 | F30: Acarreo en Mina | G30: DELAY | H30: 2.6900305
C31: 45928 | D31: CM403 | E31: HD785 | F31: Acarreo en Mina | G31: READY | H31: 19.990746
C32: 45929 | D32: CM403 | E32: HD785 | F32: Acarreo en Mina | G32: STANDBY | H32: 1.3192233
B33: 1 | C33: 45930 | D33: CM404 | E33: HD785 | F33: Acarreo en Mina | G33: DELAY | H33: 0.56522871
C34: 45931 | D34: CM404 | E34: HD785 | F34: Acarreo en Mina | G34: MAINT | H34: 0.30919098
C35: 45932 | D35: CM404 | E35: HD785 | F35: Acarreo en Mina | G35: READY | H35: 19.825146
C36: 45933 | D36: CM404 | E36: HD785 | F36: Acarreo en Mina | G36: STANDBY | H36: 3.3004344
B37: 1 | C37: 45934 | D37: CM405 | E37: HD785 | F37: Acarreo en Mina | G37: DELAY | H37: 0.21609605
C38: 45935 | D38: CM405 | E38: HD785 | F38: Acarreo en Mina | G38: READY | H38: 20.629306
C39: 45936 | D39: CM405 | E39: HD785 | F39: Acarreo en Mina | G39: STANDBY | H39: 3.1545984
B40: 1 | C40: 45937 | D40: CM406 | E40: HD785 | F40: Acarreo en Mina | G40: DELAY | H40: 0.47065536
C41: 45938 | D41: CM406 | E41: HD785 | F41: Acarreo en Mina | G41: MAINT | H41: 1.0356231
C42: 45939 | D42: CM406 | E42: HD785 | F42: Acarreo en Mina | G42: READY | H42: 19.290708
C43: 45940 | D43: CM406 | E43: HD785 | F43: Acarreo en Mina | G43: STANDBY | H43: 3.2030134
B44: 1 | C44: 45941 | D44: CM407 | E44: HD785 | F44: Acarreo en Mina | G44: DELAY | H44: 2.3571013
C45: 45942 | D45: CM407 | E45: HD785 | F45: Acarreo en Mina | G45: READY | H45: 20.380148
C46: 45943 | D46: CM407 | E46: HD785 | F46: Acarreo en Mina | G46: STANDBY | H46: 1.2627509
C47: 45944 | D47: CR701 | E47: Cisterna | F47: Cisterna de Agua | G47: READY | H47: 15.576948
C48: 45945 | D48: CR701 | E48: Cisterna | F48: Cisterna de Agua | G48: STANDBY | H48: 8.4230519
C49: 45946 | D49: CR702 | E49: Cisterna | F49: Cisterna de Agua | G49: STANDBY | H49: 24
C50: 45947 | D50: DZ201 | E50: D275 | F50: Tractor de Orugas | G50: READY | H50: 11.806538
C51: 45948 | D51: DZ201 | E51: D275 | F51: Tractor de Orugas | G51: STANDBY | H51: 12.193462
C52: 45949 | D52: DZ202 | E52: D275 | F52: Tractor de Orugas | G52: OUTOFPLAN | H52: 24
C53: 45950 | D53: DZ205 | E53: D275 | F53: Tractor de Orugas | G53: MAINT | H53: 8.6292428
C54: 45951 | D54: DZ205 | E54: D275 | F54: Tractor de Orugas | G54: READY | H54: 12.017191
C55: 45952 | D55: DZ205 | E55: D275 | F55: Tractor de Orugas | G55: STANDBY | H55: 3.3535667
C56: 45953 | D56: EX501 | E56: PC800 | F56: Carguio en Mina | G56: MAINT | H56: 21.416335
... C58: 45955 | D58: EX501 | E58: PC800 | F58: Carguio en Mina | G58: STANDBY | H58: 1.83577
B59: 1 | C59: 45956 | D59: EX502 | E59: CAT395 | F59: Carguio en Mina | G59: DELAY | H59: 0.41245882
C60: 45957 | D60: EX502 | E60: CAT395 | F60: Carguio en Mina | G60: MAINT | H60: 2.8989618
C61: 45958 | D61: EX502 | E61: CAT395 | F61: Carguio en Mina | G61: READY | H61: 19.881666
C62: 45959 | D62: EX502 | E62: CAT395 | F62: Carguio en Mina | G62: STANDBY | H62: 0.80691287
B63: 1 | C63: 45960 | D63: EX503 | E63: CAT395 | F63: Carguio en Mina | G63: DELAY | H63: 0.46906408
C64: 45961 | D64: EX503 | E64: CAT395 | F64: Carguio en Mina | G64: MAINT | H64: 1.8098503
C65: 45962 | D65: EX503 | E65: CAT395 | F65: Carguio en Mina | G65: READY | H65: 20.75043
C66: 45963 | D66: EX503 | E66: CAT395 | F66: Carguio en Mina | G66: STANDBY | H66: 0.97065567
C67: 45964 | D67: EX801 | E67: EX-800 | F67: Carguio en Mina | G67: OUTOFPLAN | H67: 24
B68: 1 | C68: 45965 | D68: EX802 | E68: EX-800 | F68: Carguio en Mina | G68: DELAY | H68: 2.9567335
C69: 45966 | D69: EX802 | E69: EX-800 | F69: Carguio en Mina | G69: READY | H69: 18.181851
C70: 45967 | D70: EX802 | E70: EX-800 | F70: Carguio en Mina | G70: STANDBY | H70: 2.8614157
B71: 1 | C71: 45968 | D71: EX803 | E71: EX-800 | F71: Carguio en Mina | G71: DELAY | H71: 3.2209054
C72: 45969 | D72: EX803 | E72: EX-800 | F72: Carguio en Mina | G72: MAINT | H72: 0.25044264
C73: 45970 | D73: EX803 | E73: EX-800 | F73: Carguio en Mina | G73: READY | H73: 20.128872
C74: 45971 | D74: EX803 | E74: EX-800 | F74: Carguio en Mina | G74: STANDBY | H74: 0.39978041
C75: 45972 | D75: EX804 | E75: EX-800 | F75: Carguio en Mina | G75: STANDBY | H75: 24
C76: 45973 | D76: FB704 | E76: CamionFabrica | F76: Camión Fábrica | G76: STANDBY | H76: 24
C77: 45974 | D77: FB705 | E77: CamionFabrica | F77: Camión Fábrica | G77: STANDBY | H77: 24
C78: 45975 | D78: FB706 | E78: CamionFabrica | F78: Camión Fábrica | G78: STANDBY | H78: 24
C79: 45976 | D79: LT901 | E79: Camioneta | F79: Light Vehicle | G79: STANDBY | H79: 24
C80: 45977 | D80: LT902 | E80: Camioneta | F80: Light Vehicle | G80: STANDBY | H80: 24
C81: 45978 | D81: LT903 | E81: Camioneta | F81: Light Vehicle | G81: STANDBY | H81: 24
C82: 45979 | D82: LT906 | E82: Camioneta | F82: Light Vehicle | G82: STANDBY | H82: 24
C83: 45980 | D83: LT910 | E83: Camioneta | F83: Light Vehicle | G83: STANDBY | H83: 24
... C89: 45986 | D89: MO102 | E89: GD705 | F89: Motoniveladora | G89: STANDBY | H89: 0.29948708
B90: 1 | C90: 45987 | D90: PE301 | E90: DML | F90: Perforadoras | G90: DELAY | H90: 1.7770281
C91: 45988 | D91: PE301 | E91: DML | F91: Perforadoras | G91: MAINT | H91: 7.80531
C92: 45989 | D92: PE301 | E92: DML | F92: Perforadoras | G92: READY | H92: 10.637203
C93: 45990 | D93: PE301 | E93: DML | F93: Perforadoras | G93: STANDBY | H93: 3.7804586
B94: 1 | C94: 45991 | D94: PE302 | E94: DML | F94: Perforadoras | G94: DELAY | H94: 1.2822097
C95: 45992 | D95: PE302 | E95: DML | F95: Perforadoras | G95: READY | H95: 1.2080361
C96: 45993 | D96: PE302 | E96: DML | F96: Perforadoras | G96: STANDBY | H96: 21.509754
C97: 45994 | D97: SANY1 | E97: SANY | F97: Acarreo en Mina | G97: OUTOFPLAN | H97: 24
C98: 45995 | D98: ZOOM1 | E98: ZOOMLION | F98: Acarreo en Mina | G98: STANDBY | H98: 24
C99: 45996 | D99: ZOOM2 | E99: ZOOMLION | F99: Acarreo en Mina | G99: OUTOFPLAN | H99: 24
C100: 45997 | D100: CF601 | E100: WA900 | F100: Carguio en Mina | G100: OUTOFPLAN | H100: 24
C101: 45998 | D101: CF602 | E101: WA900 | F101: Carguio en Mina | G101: MAINT | H101: 24
C102: 45999 | D102: Ch1 | E102: Chancadora | F102: Chancadoras | G102: MAINT | H102: 2.4364534
C103: 46000 | D103: Ch1 | E103: Chancadora | F103: Chancadoras | G103: READY | H103: 21.563547
B104: 1 | C104: 46001 | D104: CM01 | E104: SCANIA | F104: Acarreo en Mina | G104: DELAY | H104: 1.5172354
C105: 46002 | D105: CM01 | E105: SCANIA | F105: Acarreo en Mina | G105: MAINT | H105: 0.58017599
C106: 46003 | D106: CM01 | E106: SCANIA | F106: Acarreo en Mina | G106: READY | H106: 18.895901
...

Sheet Hoja1
A1: Fecha de inicio | B1: 45901 | C1: Fecha fin | D1: 45904
B2: Horas
A3: DELAY | B3: =+SUMIFS(Cube!H:H,Cube!G:G,Hoja1!A3,Cube!C:C,">="&Hoja1!$B$1,Cube!C:C,"<="&Hoja1!$D$1) -> 0.29619812
A4: MAINT | B4: =+SUMIFS(Cube!H:H,Cube!G:G,Hoja1!A4,Cube!C:C,">="&Hoja1!$B$1,Cube!C:C,"<="&Hoja1!$D$1) -> 25.890824
A5: OUTOFPLAN | B5: =+SUMIFS(Cube!H:H,Cube!G:G,Hoja1!A5,Cube!C:C,">="&Hoja1!$B$1,Cube!C:C,"<="&Hoja1!$D$1) -> 0
A6: READY | B6: =+SUMIFS(Cube!H:H,Cube!G:G,Hoja1!A6,Cube!C:C,">="&Hoja1!$B$1,Cube!C:C,"<="&Hoja1!$D$1) -> 22.109176
A7: STANDBY | B7: =+SUMIFS(Cube!H:H,Cube!G:G,Hoja1!A7,Cube!C:C,">="&Hoja1!$B$1,Cube!C:C,"<="&Hoja1!$D$1) -> 0
A10: Camiones | D10: CM401 | E10: CF601 | F10: EX502 | H10: Cargadores | K10: Excadoras
A11: DELAY | B11: {=SUM(SUMIFS(Cube!H:H,Cube!G:G,Hoja1!A11,Cube!C:C,">="&Hoja1!$B$1,Cube!C:C,"<="&Hoja1!$D$1,Cube!D:D,Hoja1!$D$10:$D$22))} -> 0.29619812 | D11: CM402 | E11: CF602 | F11: EX503 | H11: DELAY | I11: {=SUM(SUMIFS(Cube!H:H,Cube!G:G,Hoja1!A11,Cube!C:C,">="&Hoja1!$B$1,Cube!C:C,"<="&Hoja1!$D$1,Cube!D:D,Hoja1!$E$10:$E$22))} -> 0 | K11: DELAY | L11: {=SUM(SUMIFS(Cube!H:H,Cube!G:G,Hoja1!A11,Cube!C:C,">="&Hoja1!$B$1,Cube!C:C,"<="&Hoja1!$D$1,Cube!D:D,Hoja1!$F$10:$F$22))} -> 0
A12: MAINT | B12: {=SUM(SUMIFS(Cube!H:H,Cube!G:G,Hoja1!A12,Cube!C:C,">="&Hoja1!$B$1,Cube!C:C,"<="&Hoja1!$D$1,Cube!D:D,Hoja1!$D$10:$D$22))} -> 0 | D12: CM403 | H12: MAINT | I12: {=SUM(SUMIFS(Cube!H:H,Cube!G:G,Hoja1!A12,Cube!C:C,">="&Hoja1!$B$1,Cube!C:C,"<="&Hoja1!$D$1,Cube!D:D,Hoja1!$E$10:$E$22))} -> 24 | K12: MAINT | L12: {=SUM(SUMIFS(Cube!H:H,Cube!G:G,Hoja1!A12,Cube!C:C,">="&Hoja1!$B$1,Cube!C:C,"<="&Hoja1!$D$1,Cube!D:D,Hoja1!$F$10:$F$22))} -> 0
A13: OUTOFPLAN | B13: {=SUM(SUMIFS(Cube!H:H,Cube!G:G,Hoja1!A13,Cube!C:C,">="&Hoja1!$B$1,Cube!C:C,"<="&Hoja1!$D$1,Cube!D:D,Hoja1!$D$10:$D$22))} -> 0 | D13: CM404 | H13: OUTOFPLAN | I13: {=SUM(SUMIFS(Cube!H:H,Cube!G:G,Hoja1!A13,Cube!C:C,">="&Hoja1!$B$1,Cube!C:C,"<="&Hoja1!$D$1,Cube!D:D,Hoja1!$E$10:$E$22))} -> 0 | K13: OUTOFPLAN | L13: {=SUM(SUMIFS(Cube!H:H,Cube!G:G,Hoja1!A13,Cube!C:C,">="&Hoja1!$B$1,Cube!C:C,"<="&Hoja1!$D$1,Cube!D:D,Hoja1!$F$10:$F$22))} -> 0
A14: READY | B14: {=SUM(SUMIFS(Cube!H:H,Cube!G:G,Hoja1!A14,Cube!C:C,">="&Hoja1!$B$1,Cube!C:C,"<="&Hoja1!$D$1,Cube!D:D,Hoja1!$D$10:$D$22))} -> 0 | D14: CM405 | H14: READY | I14: {=SUM(SUMIFS(Cube!H:H,Cube!G:G,Hoja1!A14,Cube!C:C,">="&Hoja1!$B$1,Cube!C:C,"<="&Hoja1!$D$1,Cube!D:D,Hoja1!$E$10:$E$22))} -> 0 | K14: READY | L14: {=SUM(SUMIFS(Cube!H:H,Cube!G:G,Hoja1!A14,Cube!C:C,">="&Hoja1!$B$1,Cube!C:C,"<="&Hoja1!$D$1,Cube!D:D,Hoja1!$F$10:$F$22))} -> 0
A15: STANDBY | B15: {=SUM(SUMIFS(Cube!H:H,Cube!G:G,Hoja1!A15,Cube!C:C,">="&Hoja1!$B$1,Cube!C:C,"<="&Hoja1!$D$1,Cube!D:D,Hoja1!$D$10:$D$22))} -> 0 | D15: CM406 | H15: STANDBY | I15: {=SUM(SUMIFS(Cube!H:H,Cube!G:G,Hoja1!A15,Cube!C:C,">="&Hoja1!$B$1,Cube!C:C,"<="&Hoja1!$D$1,Cube!D:D,Hoja1!$E$10:$E$22))} -> 0 | K15: STANDBY | L15: {=SUM(SUMIFS(Cube!H:H,Cube!G:G,Hoja1!A15,Cube!C:C,">="&Hoja1!$B$1,Cube!C:C,"<="&Hoja1!$D$1,Cube!D:D,Hoja1!$F$10:$F$22))} -> 0
D16: CM407
D17: CM01
D18: CM02
D19: CM03
D20: CM04
D21: CM05
D22: CM06
